,index,product_id,scene_id,path,row,sensing_time,cloud_cover,geom
0,0,LT05_L1TP_219077_19850531_20170219_01_T1,LT52190771985151CUB01,219,77,1985-05-31 12:34:52,42.0,"POLYGON((-46.131832 -25.368495, -46.13396 -25.377531, -46.1495 -25.4435, -46.149734 -25.443466, -47.9628 -25.1801, -47.954632 -25.147425, -47.592214 -23.69766, -47.5845 -23.6668, -45.792382 -23.927088, -45.7923 -23.9271, -45.798249 -23.952353, -45.809961 -24.002077, -46.131832 -25.368495))"
1,1,LT05_L1TP_219077_19851022_20170218_01_T1,LT52190771985295CUB00,219,77,1985-10-22 12:33:37,15.0,"POLYGON((-46.131832 -25.368495, -46.13396 -25.377531, -46.1495 -25.4435, -46.149734 -25.443466, -47.9628 -25.1801, -47.954632 -25.147425, -47.592214 -23.69766, -47.5845 -23.6668, -45.792382 -23.927088, -45.7923 -23.9271, -45.798249 -23.952353, -45.809961 -24.002077, -46.131832 -25.368495))"
2,2,LT05_L1TP_219076_19851107_20170218_01_T1,LT52190761985311CUB00,219,76,1985-11-07 12:33:00,3.0,"POLYGON((-45.792382 -23.927088, -45.798249 -23.952353, -45.8098 -24.0021, -45.809961 -24.002077, -47.603 -23.7416, -47.592214 -23.69766, -47.238402 -22.256235, -47.2313 -22.2273, -45.457583 -22.484888, -45.4575 -22.4849, -45.464183 -22.513682, -45.474934 -22.559981, -45.792382 -23.927088))"
3,3,LM05_L1TP_219076_19850515_20180406_01_T2,LM52190761985135FFF03,219,76,1985-05-15 12:34:28,8.0,"POLYGON((-45.792382 -23.927088, -45.798249 -23.952353, -45.8098 -24.0021, -45.809961 -24.002077, -47.603 -23.7416, -47.592214 -23.69766, -47.238402 -22.256235, -47.2313 -22.2273, -45.457583 -22.484888, -45.4575 -22.4849, -45.464183 -22.513682, -45.474934 -22.559981, -45.792382 -23.927088))"
4,4,LT05_L1TP_219077_19850312_20170219_01_T1,LT52190771985071CUB00,219,77,1985-03-12 12:35:11,14.0,"POLYGON((-46.131832 -25.368495, -46.13396 -25.377531, -46.1495 -25.4435, -46.149734 -25.443466, -47.9628 -25.1801, -47.954632 -25.147425, -47.592214 -23.69766, -47.5845 -23.6668, -45.792382 -23.927088, -45.7923 -23.9271, -45.798249 -23.952353, -45.809961 -24.002077, -46.131832 -25.368495))"
5,5,LT05_L1TP_219076_19850531_20170219_01_T1,LT52190761985151CUB01,219,76,1985-05-31 12:34:28,16.0,"POLYGON((-45.792382 -23.927088, -45.798249 -23.952353, -45.8098 -24.0021, -45.809961 -24.002077, -47.603 -23.7416, -47.592214 -23.69766, -47.238402 -22.256235, -47.2313 -22.2273, -45.457583 -22.484888, -45.4575 -22.4849, -45.464183 -22.513682, -45.474934 -22.559981, -45.792382 -23.927088))"
6,6,LM05_L1TP_219076_19850819_20180407_01_T2,LM52190761985231AAA03,219,76,1985-08-19 12:33:58,6.0,"POLYGON((-45.792382 -23.927088, -45.798249 -23.952353, -45.8098 -24.0021, -45.809961 -24.002077, -47.603 -23.7416, -47.592214 -23.69766, -47.238402 -22.256235, -47.2313 -22.2273, -45.457583 -22.484888, -45.4575 -22.4849, -45.464183 -22.513682, -45.474934 -22.559981, -45.792382 -23.927088))"
7,7,LM05_L1TP_219077_19850819_20180407_01_T2,LM52190771985231AAA03,219,77,1985-08-19 12:34:22,5.0,"POLYGON((-46.131832 -25.368495, -46.13396 -25.377531, -46.1495 -25.4435, -46.149734 -25.443466, -47.9628 -25.1801, -47.954632 -25.147425, -47.592214 -23.69766, -47.5845 -23.6668, -45.792382 -23.927088, -45.7923 -23.9271, -45.798249 -23.952353, -45.809961 -24.002077, -46.131832 -25.368495))"
8,8,LT05_L1TP_219077_19851107_20170218_01_T1,LT52190771985311CUB00,219,77,1985-11-07 12:33:24,14.0,"POLYGON((-46.131832 -25.368495, -46.13396 -25.377531, -46.1495 -25.4435, -46.149734 -25.443466, -47.9628 -25.1801, -47.954632 -25.147425, -47.592214 -23.69766, -47.5845 -23.6668, -45.792382 -23.927088, -45.7923 -23.9271, -45.798249 -23.952353, -45.809961 -24.002077, -46.131832 -25.368495))"
9,9,LT05_L1TP_219077_19850920_20170218_01_T1,LT52190771985263CUB00,219,77,1985-09-20 12:33:57,37.0,"POLYGON((-46.131832 -25.368495, -46.13396 -25.377531, -46.1495 -25.4435, -46.149734 -25.443466, -47.9628 -25.1801, -47.954632 -25.147425, -47.592214 -23.69766, -47.5845 -23.6668, -45.792382 -23.927088, -45.7923 -23.9271, -45.798249 -23.952353, -45.809961 -24.002077, -46.131832 -25.368495))"
10,10,LT05_L1TP_219077_19850819_20170219_01_T1,LT52190771985231CUB00,219,77,1985-08-19 12:34:22,50.0,"POLYGON((-46.131832 -25.368495, -46.13396 -25.377531, -46.1495 -25.4435, -46.149734 -25.443466, -47.9628 -25.1801, -47.954632 -25.147425, -47.592214 -23.69766, -47.5845 -23.6668, -45.792382 -23.927088, -45.7923 -23.9271, -45.798249 -23.952353, -45.809961 -24.002077, -46.131832 -25.368495))"
11,11,LT05_L1TP_219076_19851022_20170218_01_T1,LT52190761985295CUB00,219,76,1985-10-22 12:33:13,11.0,"POLYGON((-45.792382 -23.927088, -45.798249 -23.952353, -45.8098 -24.0021, -45.809961 -24.002077, -47.603 -23.7416, -47.592214 -23.69766, -47.238402 -22.256235, -47.2313 -22.2273, -45.457583 -22.484888, -45.4575 -22.4849, -45.464183 -22.513682, -45.474934 -22.559981, -45.792382 -23.927088))"
12,12,LM05_L1TP_219077_19850515_20180406_01_T2,LM52190771985135FFF03,219,77,1985-05-15 12:34:51,1.0,"POLYGON((-46.131832 -25.368495, -46.13396 -25.377531, -46.1495 -25.4435, -46.149734 -25.443466, -47.9628 -25.1801, -47.954632 -25.147425, -47.592214 -23.69766, -47.5845 -23.6668, -45.792382 -23.927088, -45.7923 -23.9271, -45.798249 -23.952353, -45.809961 -24.002077, -46.131832 -25.368495))"
13,13,LT05_L1TP_219076_19850312_20170219_01_T1,LT52190761985071CUB00,219,76,1985-03-12 12:34:47,1.0,"POLYGON((-45.792382 -23.927088, -45.798249 -23.952353, -45.8098 -24.0021, -45.809961 -24.002077, -47.603 -23.7416, -47.592214 -23.69766, -47.238402 -22.256235, -47.2313 -22.2273, -45.457583 -22.484888, -45.4575 -22.4849, -45.464183 -22.513682, -45.474934 -22.559981, -45.792382 -23.927088))"
14,14,LT05_L1TP_219077_19850616_20170219_01_T1,LT52190771985167CUB00,219,77,1985-06-16 12:34:50,0.0,"POLYGON((-46.131832 -25.368495, -46.13396 -25.377531, -46.1495 -25.4435, -46.149734 -25.443466, -47.9628 -25.1801, -47.954632 -25.147425, -47.592214 -23.69766, -47.5845 -23.6668, -45.792382 -23.927088, -45.7923 -23.9271, -45.798249 -23.952353, -45.809961 -24.002077, -46.131832 -25.368495))"
15,0,LT05_L1TP_219076_19900529_20170129_01_T1,LT52190761990149CUB00,219,76,1990-05-29 12:24:32,42.0,"POLYGON((-45.792382 -23.927088, -45.798249 -23.952353, -45.8098 -24.0021, -45.809961 -24.002077, -47.603 -23.7416, -47.592214 -23.69766, -47.238402 -22.256235, -47.2313 -22.2273, -45.457583 -22.484888, -45.4575 -22.4849, -45.464183 -22.513682, -45.474934 -22.559981, -45.792382 -23.927088))"
16,1,LT05_L1TP_219076_19901223_20170127_01_T1,LT52190761990357CUB00,219,76,1990-12-23 12:23:57,3.0,"POLYGON((-45.792382 -23.927088, -45.798249 -23.952353, -45.8098 -24.0021, -45.809961 -24.002077, -47.603 -23.7416, -47.592214 -23.69766, -47.238402 -22.256235, -47.2313 -22.2273, -45.457583 -22.484888, -45.4575 -22.4849, -45.464183 -22.513682, -45.474934 -22.559981, -45.792382 -23.927088))"
17,2,LT05_L1TP_219076_19900326_20170131_01_T1,LT52190761990085CUB00,219,76,1990-03-26 12:24:33,38.0,"POLYGON((-45.792382 -23.927088, -45.798249 -23.952353, -45.8098 -24.0021, -45.809961 -24.002077, -47.603 -23.7416, -47.592214 -23.69766, -47.238402 -22.256235, -47.2313 -22.2273, -45.457583 -22.484888, -45.4575 -22.4849, -45.464183 -22.513682, -45.474934 -22.559981, -45.792382 -23.927088))"
18,3,LT05_L1TP_219076_19900630_20170130_01_T1,LT52190761990181CUB00,219,76,1990-06-30 12:24:30,42.0,"POLYGON((-45.792382 -23.927088, -45.798249 -23.952353, -45.8098 -24.0021, -45.809961 -24.002077, -47.603 -23.7416, -47.592214 -23.69766, -47.238402 -22.256235, -47.2313 -22.2273, -45.457583 -22.484888, -45.4575 -22.4849, -45.464183 -22.513682, -45.474934 -22.559981, -45.792382 -23.927088))"
19,4,LT05_L1TP_219077_19901223_20170128_01_T1,LT52190771990357CUB00,219,77,1990-12-23 12:24:21,27.0,"POLYGON((-46.131832 -25.368495, -46.13396 -25.377531, -46.1495 -25.4435, -46.149734 -25.443466, -47.9628 -25.1801, -47.954632 -25.147425, -47.592214 -23.69766, -47.5845 -23.6668, -45.792382 -23.927088, -45.7923 -23.9271, -45.798249 -23.952353, -45.809961 -24.002077, -46.131832 -25.368495))"
20,5,LT05_L1TP_219077_19900206_20170131_01_T1,LT52190771990037CUB00,219,77,1990-02-06 12:26:32,25.0,"POLYGON((-46.131832 -25.368495, -46.13396 -25.377531, -46.1495 -25.4435, -46.149734 -25.443466, -47.9628 -25.1801, -47.954632 -25.147425, -47.592214 -23.69766, -47.5845 -23.6668, -45.792382 -23.927088, -45.7923 -23.9271, -45.798249 -23.952353, -45.809961 -24.002077, -46.131832 -25.368495))"
21,6,LT05_L1TP_219077_19900310_20170131_01_T1,LT52190771990069CUB00,219,77,1990-03-10 12:25:27,15.0,"POLYGON((-46.131832 -25.368495, -46.13396 -25.377531, -46.1495 -25.4435, -46.149734 -25.443466, -47.9628 -25.1801, -47.954632 -25.147425, -47.592214 -23.69766, -47.5845 -23.6668, -45.792382 -23.927088, -45.7923 -23.9271, -45.798249 -23.952353, -45.809961 -24.002077, -46.131832 -25.368495))"
22,7,LT05_L1TP_219076_19900206_20170131_01_T1,LT52190761990037CUB00,219,76,1990-02-06 12:26:08,32.0,"POLYGON((-45.792382 -23.927088, -45.798249 -23.952353, -45.8098 -24.0021, -45.809961 -24.002077, -47.603 -23.7416, -47.592214 -23.69766, -47.238402 -22.256235, -47.2313 -22.2273, -45.457583 -22.484888, -45.4575 -22.4849, -45.464183 -22.513682, -45.474934 -22.559981, -45.792382 -23.927088))"
23,8,LT05_L1TP_219076_19901004_20170129_01_T1,LT52190761990277CUB00,219,76,1990-10-04 12:23:54,28.0,"POLYGON((-45.792382 -23.927088, -45.798249 -23.952353, -45.8098 -24.0021, -45.809961 -24.002077, -47.603 -23.7416, -47.592214 -23.69766, -47.238402 -22.256235, -47.2313 -22.2273, -45.457583 -22.484888, -45.4575 -22.4849, -45.464183 -22.513682, -45.474934 -22.559981, -45.792382 -23.927088))"
24,9,LT05_L1TP_219076_19900614_20170129_01_T1,LT52190761990165CUB00,219,76,1990-06-14 12:24:30,31.0,"POLYGON((-45.792382 -23.927088, -45.798249 -23.952353, -45.8098 -24.0021, -45.809961 -24.002077, -47.603 -23.7416, -47.592214 -23.69766, -47.238402 -22.256235, -47.2313 -22.2273, -45.457583 -22.484888, -45.4575 -22.4849, -45.464183 -22.513682, -45.474934 -22.559981, -45.792382 -23.927088))"
25,10,LT05_L1TP_219076_19900411_20170131_01_T1,LT52190761990101CUB00,219,76,1990-04-11 12:24:32,14.0,"POLYGON((-45.792382 -23.927088, -45.798249 -23.952353, -45.8098 -24.0021, -45.809961 -24.002077, -47.603 -23.7416, -47.592214 -23.69766, -47.238402 -22.256235, -47.2313 -22.2273, -45.457583 -22.484888, -45.4575 -22.4849, -45.464183 -22.513682, -45.474934 -22.559981, -45.792382 -23.927088))"
26,11,LT05_L1TP_219076_19900310_20170131_01_T1,LT52190761990069CUB00,219,76,1990-03-10 12:25:03,6.0,"POLYGON((-45.792382 -23.927088, -45.798249 -23.952353, -45.8098 -24.0021, -45.809961 -24.002077, -47.603 -23.7416, -47.592214 -23.69766, -47.238402 -22.256235, -47.2313 -22.2273, -45.457583 -22.484888, -45.4575 -22.4849, -45.464183 -22.513682, -45.474934 -22.559981, -45.792382 -23.927088))"
27,12,LT05_L1TP_219077_19900326_20170131_01_T1,LT52190771990085CUB00,219,77,1990-03-26 12:24:57,46.0,"POLYGON((-46.131832 -25.368495, -46.13396 -25.377531, -46.1495 -25.4435, -46.149734 -25.443466, -47.9628 -25.1801, -47.954632 -25.147425, -47.592214 -23.69766, -47.5845 -23.6668, -45.792382 -23.927088, -45.7923 -23.9271, -45.798249 -23.952353, -45.809961 -24.002077, -46.131832 -25.368495))"
28,13,LT05_L1TP_219076_19900427_20170131_01_T1,LT52190761990117CUB00,219,76,1990-04-27 12:24:31,5.0,"POLYGON((-45.792382 -23.927088, -45.798249 -23.952353, -45.8098 -24.0021, -45.809961 -24.002077, -47.603 -23.7416, -47.592214 -23.69766, -47.238402 -22.256235, -47.2313 -22.2273, -45.457583 -22.484888, -45.4575 -22.4849, -45.464183 -22.513682, -45.474934 -22.559981, -45.792382 -23.927088))"
29,14,LT05_L1TP_219077_19900411_20170131_01_T1,LT52190771990101CUB00,219,77,1990-04-11 12:24:56,11.0,"POLYGON((-46.131832 -25.368495, -46.13396 -25.377531, -46.1495 -25.4435, -46.149734 -25.443466, -47.9628 -25.1801, -47.954632 -25.147425, -47.592214 -23.69766, -47.5845 -23.6668, -45.792382 -23.927088, -45.7923 -23.9271, -45.798249 -23.952353, -45.809961 -24.002077, -46.131832 -25.368495))"
30,15,LT05_L1TP_219077_19900614_20170131_01_T1,LT52190771990165CUB00,219,77,1990-06-14 12:24:54,22.0,"POLYGON((-46.131832 -25.368495, -46.13396 -25.377531, -46.1495 -25.4435, -46.149734 -25.443466, -47.9628 -25.1801, -47.954632 -25.147425, -47.592214 -23.69766, -47.5845 -23.6668, -45.792382 -23.927088, -45.7923 -23.9271, -45.798249 -23.952353, -45.809961 -24.002077, -46.131832 -25.368495))"
31,0,LT05_L1TP_219077_19950612_20170107_01_T1,LT52190771995163CUB00,219,77,1995-06-12 12:11:03,10.0,"POLYGON((-46.131832 -25.368495, -46.13396 -25.377531, -46.1495 -25.4435, -46.149734 -25.443466, -47.9628 -25.1801, -47.954632 -25.147425, -47.592214 -23.69766, -47.5845 -23.6668, -45.792382 -23.927088, -45.7923 -23.9271, -45.798249 -23.952353, -45.809961 -24.002077, -46.131832 -25.368495))"
32,1,LT05_L1TP_219076_19950916_20170106_01_T1,LT52190761995259CUB00,219,76,1995-09-16 12:06:14,37.0,"POLYGON((-45.792382 -23.927088, -45.798249 -23.952353, -45.8098 -24.0021, -45.809961 -24.002077, -47.603 -23.7416, -47.592214 -23.69766, -47.238402 -22.256235, -47.2313 -22.2273, -45.457583 -22.484888, -45.4575 -22.4849, -45.464183 -22.513682, -45.474934 -22.559981, -45.792382 -23.927088))"
33,2,LT05_L1TP_219077_19950409_20170109_01_T1,LT52190771995099CUB00,219,77,1995-04-09 12:13:57,8.0,"POLYGON((-46.131832 -25.368495, -46.13396 -25.377531, -46.1495 -25.4435, -46.149734 -25.443466, -47.9628 -25.1801, -47.954632 -25.147425, -47.592214 -23.69766, -47.5845 -23.6668, -45.792382 -23.927088, -45.7923 -23.9271, -45.798249 -23.952353, -45.809961 -24.002077, -46.131832 -25.368495))"
34,3,LT05_L1TP_219076_19950409_20170108_01_T1,LT52190761995099CUB00,219,76,1995-04-09 12:13:33,14.0,"POLYGON((-45.792382 -23.927088, -45.798249 -23.952353, -45.8098 -24.0021, -45.809961 -24.002077, -47.603 -23.7416, -47.592214 -23.69766, -47.238402 -22.256235, -47.2313 -22.2273, -45.457583 -22.484888, -45.4575 -22.4849, -45.464183 -22.513682, -45.474934 -22.559981, -45.792382 -23.927088))"
35,4,LT05_L1TP_219077_19950628_20170107_01_T1,LT52190771995179CUB00,219,77,1995-06-28 12:10:20,2.0,"POLYGON((-46.131832 -25.368495, -46.13396 -25.377531, -46.1495 -25.4435, -46.149734 -25.443466, -47.9628 -25.1801, -47.954632 -25.147425, -47.592214 -23.69766, -47.5845 -23.6668, -45.792382 -23.927088, -45.7923 -23.9271, -45.798249 -23.952353, -45.809961 -24.002077, -46.131832 -25.368495))"
36,5,LT05_L1TP_219077_19950425_20170108_01_T1,LT52190771995115CUB00,219,77,1995-04-25 12:13:16,24.0,"POLYGON((-46.131832 -25.368495, -46.13396 -25.377531, -46.1495 -25.4435, -46.149734 -25.443466, -47.9628 -25.1801, -47.954632 -25.147425, -47.592214 -23.69766, -47.5845 -23.6668, -45.792382 -23.927088, -45.7923 -23.9271, -45.798249 -23.952353, -45.809961 -24.002077, -46.131832 -25.368495))"
37,6,LT05_L1TP_219076_19951018_20170106_01_T1,LT52190761995291CUB00,219,76,1995-10-18 12:04:32,29.0,"POLYGON((-45.792382 -23.927088, -45.798249 -23.952353, -45.8098 -24.0021, -45.809961 -24.002077, -47.603 -23.7416, -47.592214 -23.69766, -47.238402 -22.256235, -47.2313 -22.2273, -45.457583 -22.484888, -45.4575 -22.4849, -45.464183 -22.513682, -45.474934 -22.559981, -45.792382 -23.927088))"
38,7,LT05_L1TP_219076_19950527_20170108_01_T1,LT52190761995147CUB00,219,76,1995-05-27 12:11:24,34.0,"POLYGON((-45.792382 -23.927088, -45.798249 -23.952353, -45.8098 -24.0021, -45.809961 -24.002077, -47.603 -23.7416, -47.592214 -23.69766, -47.238402 -22.256235, -47.2313 -22.2273, -45.457583 -22.484888, -45.4575 -22.4849, -45.464183 -22.513682, -45.474934 -22.559981, -45.792382 -23.927088))"
39,8,LT05_L1TP_219076_19950425_20170108_01_T1,LT52190761995115CUB00,219,76,1995-04-25 12:12:52,47.0,"POLYGON((-45.792382 -23.927088, -45.798249 -23.952353, -45.8098 -24.0021, -45.809961 -24.002077, -47.603 -23.7416, -47.592214 -23.69766, -47.238402 -22.256235, -47.2313 -22.2273, -45.457583 -22.484888, -45.4575 -22.4849, -45.464183 -22.513682, -45.474934 -22.559981, -45.792382 -23.927088))"
40,9,LT05_L1TP_219076_19951205_20170105_01_T1,LT52190761995339CUB00,219,76,1995-12-05 12:04:40,25.0,"POLYGON((-45.792382 -23.927088, -45.798249 -23.952353, -45.8098 -24.0021, -45.809961 -24.002077, -47.603 -23.7416, -47.592214 -23.69766, -47.238402 -22.256235, -47.2313 -22.2273, -45.457583 -22.484888, -45.4575 -22.4849, -45.464183 -22.513682, -45.474934 -22.559981, -45.792382 -23.927088))"
41,10,LT05_L1TP_219076_19951002_20170106_01_T1,LT52190761995275CUB00,219,76,1995-10-02 12:05:25,18.0,"POLYGON((-45.792382 -23.927088, -45.798249 -23.952353, -45.8098 -24.0021, -45.809961 -24.002077, -47.603 -23.7416, -47.592214 -23.69766, -47.238402 -22.256235, -47.2313 -22.2273, -45.457583 -22.484888, -45.4575 -22.4849, -45.464183 -22.513682, -45.474934 -22.559981, -45.792382 -23.927088))"
42,11,LT05_L1TP_219077_19950730_20170108_01_T1,LT52190771995211CUB00,219,77,1995-07-30 12:08:54,41.0,"POLYGON((-46.131832 -25.368495, -46.13396 -25.377531, -46.1495 -25.4435, -46.149734 -25.443466, -47.9628 -25.1801, -47.954632 -25.147425, -47.592214 -23.69766, -47.5845 -23.6668, -45.792382 -23.927088, -45.7923 -23.9271, -45.798249 -23.952353, -45.809961 -24.002077, -46.131832 -25.368495))"
43,12,LT05_L1GS_219077_19951205_20170106_01_T2,LT52190771995339CUB00,219,77,1995-12-05 12:05:04,28.0,"POLYGON((-46.131832 -25.368495, -46.13396 -25.377531, -46.1495 -25.4435, -46.149734 -25.443466, -47.9628 -25.1801, -47.954632 -25.147425, -47.592214 -23.69766, -47.5845 -23.6668, -45.792382 -23.927088, -45.7923 -23.9271, -45.798249 -23.952353, -45.809961 -24.002077, -46.131832 -25.368495))"
44,13,LT05_L1TP_219077_19950511_20170108_01_T1,LT52190771995131CUB00,219,77,1995-05-11 12:12:32,38.0,"POLYGON((-46.131832 -25.368495, -46.13396 -25.377531, -46.1495 -25.4435, -46.149734 -25.443466, -47.9628 -25.1801, -47.954632 -25.147425, -47.592214 -23.69766, -47.5845 -23.6668, -45.792382 -23.927088, -45.7923 -23.9271, -45.798249 -23.952353, -45.809961 -24.002077, -46.131832 -25.368495))"
45,0,LE07_L1TP_219077_20000414_20170212_01_T1,LE72190772000105COA00,219,77,2000-04-14 12:57:03,23.0,"POLYGON((-46.131832 -25.368495, -46.13396 -25.377531, -46.1495 -25.4435, -46.149734 -25.443466, -47.9628 -25.1801, -47.954632 -25.147425, -47.592214 -23.69766, -47.5845 -23.6668, -45.792382 -23.927088, -45.7923 -23.9271, -45.798249 -23.952353, -45.809961 -24.002077, -46.131832 -25.368495))"
46,1,LT05_L1TP_219076_20001116_20161213_01_T1,LT52190762000321CUB00,219,76,2000-11-16 12:43:22,40.0,"POLYGON((-45.792382 -23.927088, -45.798249 -23.952353, -45.8098 -24.0021, -45.809961 -24.002077, -47.603 -23.7416, -47.592214 -23.69766, -47.238402 -22.256235, -47.2313 -22.2273, -45.457583 -22.484888, -45.4575 -22.4849, -45.464183 -22.513682, -45.474934 -22.559981, -45.792382 -23.927088))"
47,2,LT05_L1TP_219077_20000524_20161214_01_T1,LT52190772000145CUB00,219,77,2000-05-24 12:40:37,34.0,"POLYGON((-46.131832 -25.368495, -46.13396 -25.377531, -46.1495 -25.4435, -46.149734 -25.443466, -47.9628 -25.1801, -47.954632 -25.147425, -47.592214 -23.69766, -47.5845 -23.6668, -45.792382 -23.927088, -45.7923 -23.9271, -45.798249 -23.952353, -45.809961 -24.002077, -46.131832 -25.368495))"
48,3,LE07_L1TP_219076_20000617_20170211_01_T1,LE72190762000169EDC00,219,76,2000-06-17 12:56:12,1.0,"POLYGON((-45.792382 -23.927088, -45.798249 -23.952353, -45.8098 -24.0021, -45.809961 -24.002077, -47.603 -23.7416, -47.592214 -23.69766, -47.238402 -22.256235, -47.2313 -22.2273, -45.457583 -22.484888, -45.4575 -22.4849, -45.464183 -22.513682, -45.474934 -22.559981, -45.792382 -23.927088))"
49,4,LT05_L1TP_219076_20000218_20161216_01_T1,LT52190762000049CUB00,219,76,2000-02-18 12:38:07,40.0,"POLYGON((-45.792382 -23.927088, -45.798249 -23.952353, -45.8098 -24.0021, -45.809961 -24.002077, -47.603 -23.7416, -47.592214 -23.69766, -47.238402 -22.256235, -47.2313 -22.2273, -45.457583 -22.484888, -45.4575 -22.4849, -45.464183 -22.513682, -45.474934 -22.559981, -45.792382 -23.927088))"
50,5,LT05_L1TP_219076_20000625_20161214_01_T1,LT52190762000177CUB00,219,76,2000-06-25 12:40:57,10.0,"POLYGON((-45.792382 -23.927088, -45.798249 -23.952353, -45.8098 -24.0021, -45.809961 -24.002077, -47.603 -23.7416, -47.592214 -23.69766, -47.238402 -22.256235, -47.2313 -22.2273, -45.457583 -22.484888, -45.4575 -22.4849, -45.464183 -22.513682, -45.474934 -22.559981, -45.792382 -23.927088))"
51,6,LT05_L1TP_219077_20000406_20161214_01_T1,LT52190772000097CUB00,219,77,2000-04-06 12:39:09,18.0,"POLYGON((-46.131832 -25.368495, -46.13396 -25.377531, -46.1495 -25.4435, -46.149734 -25.443466, -47.9628 -25.1801, -47.954632 -25.147425, -47.592214 -23.69766, -47.5845 -23.6668, -45.792382 -23.927088, -45.7923 -23.9271, -45.798249 -23.952353, -45.809961 -24.002077, -46.131832 -25.368495))"
52,7,LT05_L1TP_219077_20000218_20161215_01_T1,LT52190772000049CUB00,219,77,2000-02-18 12:38:31,25.0,"POLYGON((-46.131832 -25.368495, -46.13396 -25.377531, -46.1495 -25.4435, -46.149734 -25.443466, -47.9628 -25.1801, -47.954632 -25.147425, -47.592214 -23.69766, -47.5845 -23.6668, -45.792382 -23.927088, -45.7923 -23.9271, -45.798249 -23.952353, -45.809961 -24.002077, -46.131832 -25.368495))"
53,8,LT05_L1TP_219076_20000812_20161214_01_T1,LT52190762000225CUB00,219,76,2000-08-12 12:41:55,43.0,"POLYGON((-45.792382 -23.927088, -45.798249 -23.952353, -45.8098 -24.0021, -45.809961 -24.002077, -47.603 -23.7416, -47.592214 -23.69766, -47.238402 -22.256235, -47.2313 -22.2273, -45.457583 -22.484888, -45.4575 -22.4849, -45.464183 -22.513682, -45.474934 -22.559981, -45.792382 -23.927088))"
54,9,LE07_L1TP_219077_20001210_20170208_01_T1,LE72190772000345CUB00,219,77,2000-12-10 12:55:07,48.0,"POLYGON((-46.131832 -25.368495, -46.13396 -25.377531, -46.1495 -25.4435, -46.149734 -25.443466, -47.9628 -25.1801, -47.954632 -25.147425, -47.592214 -23.69766, -47.5845 -23.6668, -45.792382 -23.927088, -45.7923 -23.9271, -45.798249 -23.952353, -45.809961 -24.002077, -46.131832 -25.368495))"
55,10,LE07_L1TP_219076_20000226_20170213_01_T1,LE72190762000057CUB00,219,76,2000-02-26 12:56:59,28.0,"POLYGON((-45.792382 -23.927088, -45.798249 -23.952353, -45.8098 -24.0021, -45.809961 -24.002077, -47.603 -23.7416, -47.592214 -23.69766, -47.238402 -22.256235, -47.2313 -22.2273, -45.457583 -22.484888, -45.4575 -22.4849, -45.464183 -22.513682, -45.474934 -22.559981, -45.792382 -23.927088))"
56,11,LE07_L1TP_219076_20000414_20170212_01_T1,LE72190762000105COA00,219,76,2000-04-14 12:56:39,8.0,"POLYGON((-45.792382 -23.927088, -45.798249 -23.952353, -45.8098 -24.0021, -45.809961 -24.002077, -47.603 -23.7416, -47.592214 -23.69766, -47.238402 -22.256235, -47.2313 -22.2273, -45.457583 -22.484888, -45.4575 -22.4849, -45.464183 -22.513682, -45.474934 -22.559981, -45.792382 -23.927088))"
57,12,LE07_L1TP_219076_20000430_20170212_01_T1,LE72190762000121EDC00,219,76,2000-04-30 12:56:39,0.0,"POLYGON((-45.792382 -23.927088, -45.798249 -23.952353, -45.8098 -24.0021, -45.809961 -24.002077, -47.603 -23.7416, -47.592214 -23.69766, -47.238402 -22.256235, -47.2313 -22.2273, -45.457583 -22.484888, -45.4575 -22.4849, -45.464183 -22.513682, -45.474934 -22.559981, -45.792382 -23.927088))"
58,13,LT05_L1GS_219077_20001116_20161213_01_T2,LT52190772000321CUB00,219,77,2000-11-16 12:43:46,49.0,"POLYGON((-46.131832 -25.368495, -46.13396 -25.377531, -46.1495 -25.4435, -46.149734 -25.443466, -47.9628 -25.1801, -47.954632 -25.147425, -47.592214 -23.69766, -47.5845 -23.6668, -45.792382 -23.927088, -45.7923 -23.9271, -45.798249 -23.952353, -45.809961 -24.002077, -46.131832 -25.368495))"
59,14,LE07_L1TP_219076_20000905_20170210_01_T1,LE72190762000249COA00,219,76,2000-09-05 12:55:07,41.0,"POLYGON((-45.792382 -23.927088, -45.798249 -23.952353, -45.8098 -24.0021, -45.809961 -24.002077, -47.603 -23.7416, -47.592214 -23.69766, -47.238402 -22.256235, -47.2313 -22.2273, -45.457583 -22.484888, -45.4575 -22.4849, -45.464183 -22.513682, -45.474934 -22.559981, -45.792382 -23.927088))"
60,15,LT05_L1TP_219076_20000524_20161214_01_T1,LT52190762000145CUB00,219,76,2000-05-24 12:40:13,14.0,"POLYGON((-45.792382 -23.927088, -45.798249 -23.952353, -45.8098 -24.0021, -45.809961 -24.002077, -47.603 -23.7416, -47.592214 -23.69766, -47.238402 -22.256235, -47.2313 -22.2273, -45.457583 -22.484888, -45.4575 -22.4849, -45.464183 -22.513682, -45.474934 -22.559981, -45.792382 -23.927088))"
61,16,LT05_L1TP_219076_20000117_20161216_01_T1,LT52190762000017CUB00,219,76,2000-01-17 12:39:12,26.0,"POLYGON((-45.792382 -23.927088, -45.798249 -23.952353, -45.8098 -24.0021, -45.809961 -24.002077, -47.603 -23.7416, -47.592214 -23.69766, -47.238402 -22.256235, -47.2313 -22.2273, -45.457583 -22.484888, -45.4575 -22.4849, -45.464183 -22.513682, -45.474934 -22.559981, -45.792382 -23.927088))"
62,17,LE07_L1TP_219077_20000430_20170212_01_T1,LE72190772000121EDC00,219,77,2000-04-30 12:57:03,8.0,"POLYGON((-46.131832 -25.368495, -46.13396 -25.377531, -46.1495 -25.4435, -46.149734 -25.443466, -47.9628 -25.1801, -47.954632 -25.147425, -47.592214 -23.69766, -47.5845 -23.6668, -45.792382 -23.927088, -45.7923 -23.9271, -45.798249 -23.952353, -45.809961 -24.002077, -46.131832 -25.368495))"
63,18,LT05_L1TP_219076_20001015_20161213_01_T1,LT52190762000289CUB00,219,76,2000-10-15 12:42:55,39.0,"POLYGON((-45.792382 -23.927088, -45.798249 -23.952353, -45.8098 -24.0021, -45.809961 -24.002077, -47.603 -23.7416, -47.592214 -23.69766, -47.238402 -22.256235, -47.2313 -22.2273, -45.457583 -22.484888, -45.4575 -22.4849, -45.464183 -22.513682, -45.474934 -22.559981, -45.792382 -23.927088))"
64,19,LE07_L1TP_219077_20001023_20170209_01_T1,LE72190772000297EDC00,219,77,2000-10-23 12:55:00,24.0,"POLYGON((-46.131832 -25.368495, -46.13396 -25.377531, -46.1495 -25.4435, -46.149734 -25.443466, -47.9628 -25.1801, -47.954632 -25.147425, -47.592214 -23.69766, -47.5845 -23.6668, -45.792382 -23.927088, -45.7923 -23.9271, -45.798249 -23.952353, -45.809961 -24.002077, -46.131832 -25.368495))"
65,20,LT05_L1TP_219076_20000508_20161215_01_T1,LT52190762000129CUB00,219,76,2000-05-08 12:39:59,40.0,"POLYGON((-45.792382 -23.927088, -45.798249 -23.952353, -45.8098 -24.0021, -45.809961 -24.002077, -47.603 -23.7416, -47.592214 -23.69766, -47.238402 -22.256235, -47.2313 -22.2273, -45.457583 -22.484888, -45.4575 -22.4849, -45.464183 -22.513682, -45.474934 -22.559981, -45.792382 -23.927088))"
66,21,LT05_L1TP_219076_20000727_20161213_01_T1,LT52190762000209CUB00,219,76,2000-07-27 12:41:28,48.0,"POLYGON((-45.792382 -23.927088, -45.798249 -23.952353, -45.8098 -24.0021, -45.809961 -24.002077, -47.603 -23.7416, -47.592214 -23.69766, -47.238402 -22.256235, -47.2313 -22.2273, -45.457583 -22.484888, -45.4575 -22.4849, -45.464183 -22.513682, -45.474934 -22.559981, -45.792382 -23.927088))"
67,22,LT05_L1TP_219077_20000625_20161214_01_T1,LT52190772000177CUB00,219,77,2000-06-25 12:41:21,6.0,"POLYGON((-46.131832 -25.368495, -46.13396 -25.377531, -46.1495 -25.4435, -46.149734 -25.443466, -47.9628 -25.1801, -47.954632 -25.147425, -47.592214 -23.69766, -47.5845 -23.6668, -45.792382 -23.927088, -45.7923 -23.9271, -45.798249 -23.952353, -45.809961 -24.002077, -46.131832 -25.368495))"
68,23,LT05_L1TP_219077_20000422_20161214_01_T1,LT52190772000113CUB00,219,77,2000-04-22 12:39:46,34.0,"POLYGON((-46.131832 -25.368495, -46.13396 -25.377531, -46.1495 -25.4435, -46.149734 -25.443466, -47.9628 -25.1801, -47.954632 -25.147425, -47.592214 -23.69766, -47.5845 -23.6668, -45.792382 -23.927088, -45.7923 -23.9271, -45.798249 -23.952353, -45.809961 -24.002077, -46.131832 -25.368495))"
69,24,LE07_L1TP_219076_20000921_20170209_01_T1,LE72190762000265EDC01,219,76,2000-09-21 12:54:48,2.0,"POLYGON((-45.792382 -23.927088, -45.798249 -23.952353, -45.8098 -24.0021, -45.809961 -24.002077, -47.603 -23.7416, -47.592214 -23.69766, -47.238402 -22.256235, -47.2313 -22.2273, -45.457583 -22.484888, -45.4575 -22.4849, -45.464183 -22.513682, -45.474934 -22.559981, -45.792382 -23.927088))"
70,25,LE07_L1TP_219077_20000109_20170215_01_T1,LE72190772000009AGS00,219,77,2000-01-09 12:57:35,24.0,"POLYGON((-46.131832 -25.368495, -46.13396 -25.377531, -46.1495 -25.4435, -46.149734 -25.443466, -47.9628 -25.1801, -47.954632 -25.147425, -47.592214 -23.69766, -47.5845 -23.6668, -45.792382 -23.927088, -45.7923 -23.9271, -45.798249 -23.952353, -45.809961 -24.002077, -46.131832 -25.368495))"
71,26,LE07_L1TP_219077_20000617_20170211_01_T1,LE72190772000169EDC00,219,77,2000-06-17 12:56:36,43.0,"POLYGON((-46.131832 -25.368495, -46.13396 -25.377531, -46.1495 -25.4435, -46.149734 -25.443466, -47.9628 -25.1801, -47.954632 -25.147425, -47.592214 -23.69766, -47.5845 -23.6668, -45.792382 -23.927088, -45.7923 -23.9271, -45.798249 -23.952353, -45.809961 -24.002077, -46.131832 -25.368495))"
72,27,LE07_L1TP_219077_20001124_20170209_01_T1,LE72190772000329AGS00,219,77,2000-11-24 12:55:04,15.0,"POLYGON((-46.131832 -25.368495, -46.13396 -25.377531, -46.1495 -25.4435, -46.149734 -25.443466, -47.9628 -25.1801, -47.954632 -25.147425, -47.592214 -23.69766, -47.5845 -23.6668, -45.792382 -23.927088, -45.7923 -23.9271, -45.798249 -23.952353, -45.809961 -24.002077, -46.131832 -25.368495))"
73,28,LT05_L1TP_219076_20000406_20161215_01_T1,LT52190762000097CUB00,219,76,2000-04-06 12:38:46,13.0,"POLYGON((-45.792382 -23.927088, -45.798249 -23.952353, -45.8098 -24.0021, -45.809961 -24.002077, -47.603 -23.7416, -47.592214 -23.69766, -47.238402 -22.256235, -47.2313 -22.2273, -45.457583 -22.484888, -45.4575 -22.4849, -45.464183 -22.513682, -45.474934 -22.559981, -45.792382 -23.927088))"
74,29,LE07_L1TP_219076_20001023_20170209_01_T1,LE72190762000297EDC00,219,76,2000-10-23 12:54:36,6.0,"POLYGON((-45.792382 -23.927088, -45.798249 -23.952353, -45.8098 -24.0021, -45.809961 -24.002077, -47.603 -23.7416, -47.592214 -23.69766, -47.238402 -22.256235, -47.2313 -22.2273, -45.457583 -22.484888, -45.4575 -22.4849, -45.464183 -22.513682, -45.474934 -22.559981, -45.792382 -23.927088))"
75,30,LT05_L1TP_219076_20000609_20161215_01_T1,LT52190762000161CUB00,219,76,2000-06-09 12:40:35,42.0,"POLYGON((-45.792382 -23.927088, -45.798249 -23.952353, -45.8098 -24.0021, -45.809961 -24.002077, -47.603 -23.7416, -47.592214 -23.69766, -47.238402 -22.256235, -47.2313 -22.2273, -45.457583 -22.484888, -45.4575 -22.4849, -45.464183 -22.513682, -45.474934 -22.559981, -45.792382 -23.927088))"
76,31,LE07_L1TP_219076_20001124_20170209_01_T1,LE72190762000329AGS00,219,76,2000-11-24 12:54:40,43.0,"POLYGON((-45.792382 -23.927088, -45.798249 -23.952353, -45.8098 -24.0021, -45.809961 -24.002077, -47.603 -23.7416, -47.592214 -23.69766, -47.238402 -22.256235, -47.2313 -22.2273, -45.457583 -22.484888, -45.4575 -22.4849, -45.464183 -22.513682, -45.474934 -22.559981, -45.792382 -23.927088))"
77,32,LE07_L1TP_219076_20000109_20170215_01_T1,LE72190762000009AGS00,219,76,2000-01-09 12:57:11,10.0,"POLYGON((-45.792382 -23.927088, -45.798249 -23.952353, -45.8098 -24.0021, -45.809961 -24.002077, -47.603 -23.7416, -47.592214 -23.69766, -47.238402 -22.256235, -47.2313 -22.2273, -45.457583 -22.484888, -45.4575 -22.4849, -45.464183 -22.513682, -45.474934 -22.559981, -45.792382 -23.927088))"
78,33,LE07_L1TP_219076_20000820_20170210_01_T1,LE72190762000233EDC00,219,76,2000-08-20 12:55:23,31.0,"POLYGON((-45.792382 -23.927088, -45.798249 -23.952353, -45.8098 -24.0021, -45.809961 -24.002077, -47.603 -23.7416, -47.592214 -23.69766, -47.238402 -22.256235, -47.2313 -22.2273, -45.457583 -22.484888, -45.4575 -22.4849, -45.464183 -22.513682, -45.474934 -22.559981, -45.792382 -23.927088))"
79,34,LE07_L1TP_219076_20000125_20170213_01_T1,LE72190762000025CUB00,219,76,2000-01-25 12:57:09,42.0,"POLYGON((-45.792382 -23.927088, -45.798249 -23.952353, -45.8098 -24.0021, -45.809961 -24.002077, -47.603 -23.7416, -47.592214 -23.69766, -47.238402 -22.256235, -47.2313 -22.2273, -45.457583 -22.484888, -45.4575 -22.4849, -45.464183 -22.513682, -45.474934 -22.559981, -45.792382 -23.927088))"
80,35,LT05_L1TP_219077_20000609_20161215_01_T1,LT52190772000161CUB00,219,77,2000-06-09 12:40:59,40.0,"POLYGON((-46.131832 -25.368495, -46.13396 -25.377531, -46.1495 -25.4435, -46.149734 -25.443466, -47.9628 -25.1801, -47.954632 -25.147425, -47.592214 -23.69766, -47.5845 -23.6668, -45.792382 -23.927088, -45.7923 -23.9271, -45.798249 -23.952353, -45.809961 -24.002077, -46.131832 -25.368495))"
81,36,LT05_L1TP_219076_20000422_20161214_01_T1,LT52190762000113CUB00,219,76,2000-04-22 12:39:22,39.0,"POLYGON((-45.792382 -23.927088, -45.798249 -23.952353, -45.8098 -24.0021, -45.809961 -24.002077, -47.603 -23.7416, -47.592214 -23.69766, -47.238402 -22.256235, -47.2313 -22.2273, -45.457583 -22.484888, -45.4575 -22.4849, -45.464183 -22.513682, -45.474934 -22.559981, -45.792382 -23.927088))"
82,37,LT05_L1TP_219076_20000929_20161213_01_T1,LT52190762000273CUB00,219,76,2000-09-29 12:42:46,4.0,"POLYGON((-45.792382 -23.927088, -45.798249 -23.952353, -45.8098 -24.0021, -45.809961 -24.002077, -47.603 -23.7416, -47.592214 -23.69766, -47.238402 -22.256235, -47.2313 -22.2273, -45.457583 -22.484888, -45.4575 -22.4849, -45.464183 -22.513682, -45.474934 -22.559981, -45.792382 -23.927088))"
83,0,LT05_L1TP_219076_20050319_20161128_01_T1,LT52190762005078COA00,219,76,2005-03-19 12:51:21,41.0,"POLYGON((-45.792382 -23.927088, -45.798249 -23.952353, -45.8098 -24.0021, -45.809961 -24.002077, -47.603 -23.7416, -47.592214 -23.69766, -47.238402 -22.256235, -47.2313 -22.2273, -45.457583 -22.484888, -45.4575 -22.4849, -45.464183 -22.513682, -45.474934 -22.559981, -45.792382 -23.927088))"
84,1,LT05_L1TP_219076_20050911_20161125_01_T1,LT52190762005254COA00,219,76,2005-09-11 12:52:29,15.0,"POLYGON((-45.792382 -23.927088, -45.798249 -23.952353, -45.8098 -24.0021, -45.809961 -24.002077, -47.603 -23.7416, -47.592214 -23.69766, -47.238402 -22.256235, -47.2313 -22.2273, -45.457583 -22.484888, -45.4575 -22.4849, -45.464183 -22.513682, -45.474934 -22.559981, -45.792382 -23.927088))"
85,2,LT05_L1TP_219076_20050810_20161124_01_T1,LT52190762005222COA00,219,76,2005-08-10 12:52:21,25.0,"POLYGON((-45.792382 -23.927088, -45.798249 -23.952353, -45.8098 -24.0021, -45.809961 -24.002077, -47.603 -23.7416, -47.592214 -23.69766, -47.238402 -22.256235, -47.2313 -22.2273, -45.457583 -22.484888, -45.4575 -22.4849, -45.464183 -22.513682, -45.474934 -22.559981, -45.792382 -23.927088))"
86,3,LT05_L1TP_219076_20050420_20161127_01_T1,LT52190762005110COA00,219,76,2005-04-20 12:51:29,8.0,"POLYGON((-45.792382 -23.927088, -45.798249 -23.952353, -45.8098 -24.0021, -45.809961 -24.002077, -47.603 -23.7416, -47.592214 -23.69766, -47.238402 -22.256235, -47.2313 -22.2273, -45.457583 -22.484888, -45.4575 -22.4849, -45.464183 -22.513682, -45.474934 -22.559981, -45.792382 -23.927088))"
87,4,LT05_L1TP_219076_20050506_20161126_01_T1,LT52190762005126COA00,219,76,2005-05-06 12:51:35,14.0,"POLYGON((-45.792382 -23.927088, -45.798249 -23.952353, -45.8098 -24.0021, -45.809961 -24.002077, -47.603 -23.7416, -47.592214 -23.69766, -47.238402 -22.256235, -47.2313 -22.2273, -45.457583 -22.484888, -45.4575 -22.4849, -45.464183 -22.513682, -45.474934 -22.559981, -45.792382 -23.927088))"
88,5,LT05_L1TP_219077_20050709_20161125_01_T1,LT52190772005190COA00,219,77,2005-07-09 12:52:26,46.0,"POLYGON((-46.131832 -25.368495, -46.13396 -25.377531, -46.1495 -25.4435, -46.149734 -25.443466, -47.9628 -25.1801, -47.954632 -25.147425, -47.592214 -23.69766, -47.5845 -23.6668, -45.792382 -23.927088, -45.7923 -23.9271, -45.798249 -23.952353, -45.809961 -24.002077, -46.131832 -25.368495))"
89,6,LT05_L1TP_219076_20051114_20161123_01_T1,LT52190762005318COA00,219,76,2005-11-14 12:52:44,15.0,"POLYGON((-45.792382 -23.927088, -45.798249 -23.952353, -45.8098 -24.0021, -45.809961 -24.002077, -47.603 -23.7416, -47.592214 -23.69766, -47.238402 -22.256235, -47.2313 -22.2273, -45.457583 -22.484888, -45.4575 -22.4849, -45.464183 -22.513682, -45.474934 -22.559981, -45.792382 -23.927088))"
90,7,LT05_L1TP_219077_20050607_20161125_01_T1,LT52190772005158CUB00,219,77,2005-06-07 12:52:15,13.0,"POLYGON((-46.131832 -25.368495, -46.13396 -25.377531, -46.1495 -25.4435, -46.149734 -25.443466, -47.9628 -25.1801, -47.954632 -25.147425, -47.592214 -23.69766, -47.5845 -23.6668, -45.792382 -23.927088, -45.7923 -23.9271, -45.798249 -23.952353, -45.809961 -24.002077, -46.131832 -25.368495))"
91,8,LT05_L1TP_219077_20050506_20161127_01_T1,LT52190772005126COA00,219,77,2005-05-06 12:51:59,6.0,"POLYGON((-46.131832 -25.368495, -46.13396 -25.377531, -46.1495 -25.4435, -46.149734 -25.443466, -47.9628 -25.1801, -47.954632 -25.147425, -47.592214 -23.69766, -47.5845 -23.6668, -45.792382 -23.927088, -45.7923 -23.9271, -45.798249 -23.952353, -45.809961 -24.002077, -46.131832 -25.368495))"
92,9,LT05_L1TP_219076_20050826_20161124_01_T1,LT52190762005238COA00,219,76,2005-08-26 12:52:27,43.0,"POLYGON((-45.792382 -23.927088, -45.798249 -23.952353, -45.8098 -24.0021, -45.809961 -24.002077, -47.603 -23.7416, -47.592214 -23.69766, -47.238402 -22.256235, -47.2313 -22.2273, -45.457583 -22.484888, -45.4575 -22.4849, -45.464183 -22.513682, -45.474934 -22.559981, -45.792382 -23.927088))"
93,10,LT05_L1TP_219077_20050420_20161126_01_T1,LT52190772005110COA00,219,77,2005-04-20 12:51:53,28.0,"POLYGON((-46.131832 -25.368495, -46.13396 -25.377531, -46.1495 -25.4435, -46.149734 -25.443466, -47.9628 -25.1801, -47.954632 -25.147425, -47.592214 -23.69766, -47.5845 -23.6668, -45.792382 -23.927088, -45.7923 -23.9271, -45.798249 -23.952353, -45.809961 -24.002077, -46.131832 -25.368495))"
94,11,LT05_L1GS_219077_20050130_20161127_01_T2,LT52190772005030COA00,219,77,2005-01-30 12:51:03,41.0,"POLYGON((-46.131832 -25.368495, -46.13396 -25.377531, -46.1495 -25.4435, -46.149734 -25.443466, -47.9628 -25.1801, -47.954632 -25.147425, -47.592214 -23.69766, -47.5845 -23.6668, -45.792382 -23.927088, -45.7923 -23.9271, -45.798249 -23.952353, -45.809961 -24.002077, -46.131832 -25.368495))"
95,12,LT05_L1GS_219077_20050404_20161126_01_T2,LT52190772005094COA00,219,77,2005-04-04 12:51:50,46.0,"POLYGON((-46.131832 -25.368495, -46.13396 -25.377531, -46.1495 -25.4435, -46.149734 -25.443466, -47.9628 -25.1801, -47.954632 -25.147425, -47.592214 -23.69766, -47.5845 -23.6668, -45.792382 -23.927088, -45.7923 -23.9271, -45.798249 -23.952353, -45.809961 -24.002077, -46.131832 -25.368495))"
96,13,LT05_L1TP_219077_20050114_20161129_01_T1,LT52190772005014CUB00,219,77,2005-01-14 12:50:51,23.0,"POLYGON((-46.131832 -25.368495, -46.13396 -25.377531, -46.1495 -25.4435, -46.149734 -25.443466, -47.9628 -25.1801, -47.954632 -25.147425, -47.592214 -23.69766, -47.5845 -23.6668, -45.792382 -23.927088, -45.7923 -23.9271, -45.798249 -23.952353, -45.809961 -24.002077, -46.131832 -25.368495))"
97,14,LT05_L1TP_219076_20050114_20161129_01_T1,LT52190762005014CUB00,219,76,2005-01-14 12:50:27,21.0,"POLYGON((-45.792382 -23.927088, -45.798249 -23.952353, -45.8098 -24.0021, -45.809961 -24.002077, -47.603 -23.7416, -47.592214 -23.69766, -47.238402 -22.256235, -47.2313 -22.2273, -45.457583 -22.484888, -45.4575 -22.4849, -45.464183 -22.513682, -45.474934 -22.559981, -45.792382 -23.927088))"
98,15,LT05_L1TP_219076_20050607_20161127_01_T1,LT52190762005158CUB00,219,76,2005-06-07 12:51:51,16.0,"POLYGON((-45.792382 -23.927088, -45.798249 -23.952353, -45.8098 -24.0021, -45.809961 -24.002077, -47.603 -23.7416, -47.592214 -23.69766, -47.238402 -22.256235, -47.2313 -22.2273, -45.457583 -22.484888, -45.4575 -22.4849, -45.464183 -22.513682, -45.474934 -22.559981, -45.792382 -23.927088))"
99,16,LT05_L1TP_219077_20051114_20161123_01_T1,LT52190772005318COA00,219,77,2005-11-14 12:53:07,37.0,"POLYGON((-46.131832 -25.368495, -46.13396 -25.377531, -46.1495 -25.4435, -46.149734 -25.443466, -47.9628 -25.1801, -47.954632 -25.147425, -47.592214 -23.69766, -47.5845 -23.6668, -45.792382 -23.927088, -45.7923 -23.9271, -45.798249 -23.952353, -45.809961 -24.002077, -46.131832 -25.368495))"
100,17,LT05_L1TP_219076_20050709_20161125_01_T1,LT52190762005190COA00,219,76,2005-07-09 12:52:02,16.0,"POLYGON((-45.792382 -23.927088, -45.798249 -23.952353, -45.8098 -24.0021, -45.809961 -24.002077, -47.603 -23.7416, -47.592214 -23.69766, -47.238402 -22.256235, -47.2313 -22.2273, -45.457583 -22.484888, -45.4575 -22.4849, -45.464183 -22.513682, -45.474934 -22.559981, -45.792382 -23.927088))"
101,18,LT05_L1TP_219076_20051013_20161124_01_T1,LT52190762005286COA00,219,76,2005-10-13 12:52:23,7.0,"POLYGON((-45.792382 -23.927088, -45.798249 -23.952353, -45.8098 -24.0021, -45.809961 -24.002077, -47.603 -23.7416, -47.592214 -23.69766, -47.238402 -22.256235, -47.2313 -22.2273, -45.457583 -22.484888, -45.4575 -22.4849, -45.464183 -22.513682, -45.474934 -22.559981, -45.792382 -23.927088))"
102,19,LT05_L1TP_219076_20050623_20161125_01_T1,LT52190762005174COA00,219,76,2005-06-23 12:51:57,5.0,"POLYGON((-45.792382 -23.927088, -45.798249 -23.952353, -45.8098 -24.0021, -45.809961 -24.002077, -47.603 -23.7416, -47.592214 -23.69766, -47.238402 -22.256235, -47.2313 -22.2273, -45.457583 -22.484888, -45.4575 -22.4849, -45.464183 -22.513682, -45.474934 -22.559981, -45.792382 -23.927088))"
103,20,LT05_L1TP_219077_20050623_20161125_01_T1,LT52190772005174COA00,219,77,2005-06-23 12:52:20,14.0,"POLYGON((-46.131832 -25.368495, -46.13396 -25.377531, -46.1495 -25.4435, -46.149734 -25.443466, -47.9628 -25.1801, -47.954632 -25.147425, -47.592214 -23.69766, -47.5845 -23.6668, -45.792382 -23.927088, -45.7923 -23.9271, -45.798249 -23.952353, -45.809961 -24.002077, -46.131832 -25.368495))"
104,0,LT05_L1TP_219077_20100707_20161014_01_T1,LT52190772010188CUB00,219,77,2010-07-07 12:55:17,22.0,"POLYGON((-46.131832 -25.368495, -46.13396 -25.377531, -46.1495 -25.4435, -46.149734 -25.443466, -47.9628 -25.1801, -47.954632 -25.147425, -47.592214 -23.69766, -47.5845 -23.6668, -45.792382 -23.927088, -45.7923 -23.9271, -45.798249 -23.952353, -45.809961 -24.002077, -46.131832 -25.368495))"
105,1,LT05_L1TP_219076_20100707_20161014_01_T1,LT52190762010188CUB00,219,76,2010-07-07 12:54:54,9.0,"POLYGON((-45.792382 -23.927088, -45.798249 -23.952353, -45.8098 -24.0021, -45.809961 -24.002077, -47.603 -23.7416, -47.592214 -23.69766, -47.238402 -22.256235, -47.2313 -22.2273, -45.457583 -22.484888, -45.4575 -22.4849, -45.464183 -22.513682, -45.474934 -22.559981, -45.792382 -23.927088))"
106,2,LT05_L1TP_219076_20100418_20161015_01_T1,LT52190762010108CUB01,219,76,2010-04-18 12:55:14,0.0,"POLYGON((-45.792382 -23.927088, -45.798249 -23.952353, -45.8098 -24.0021, -45.809961 -24.002077, -47.603 -23.7416, -47.592214 -23.69766, -47.238402 -22.256235, -47.2313 -22.2273, -45.457583 -22.484888, -45.4575 -22.4849, -45.464183 -22.513682, -45.474934 -22.559981, -45.792382 -23.927088))"
107,3,LT05_L1GS_219077_20101214_20161011_01_T2,LT52190772010348COA00,219,77,2010-12-14 12:54:35,4.0,"POLYGON((-46.131832 -25.368495, -46.13396 -25.377531, -46.1495 -25.4435, -46.149734 -25.443466, -47.9628 -25.1801, -47.954632 -25.147425, -47.592214 -23.69766, -47.5845 -23.6668, -45.792382 -23.927088, -45.7923 -23.9271, -45.798249 -23.952353, -45.809961 -24.002077, -46.131832 -25.368495))"
108,4,LT05_L1TP_219076_20101128_20161012_01_T1,LT52190762010332CUB00,219,76,2010-11-28 12:54:10,3.0,"POLYGON((-45.792382 -23.927088, -45.798249 -23.952353, -45.8098 -24.0021, -45.809961 -24.002077, -47.603 -23.7416, -47.592214 -23.69766, -47.238402 -22.256235, -47.2313 -22.2273, -45.457583 -22.484888, -45.4575 -22.4849, -45.464183 -22.513682, -45.474934 -22.559981, -45.792382 -23.927088))"
109,5,LT05_L1TP_219076_20100909_20161013_01_T1,LT52190762010252CUB00,219,76,2010-09-09 12:54:35,36.0,"POLYGON((-45.792382 -23.927088, -45.798249 -23.952353, -45.8098 -24.0021, -45.809961 -24.002077, -47.603 -23.7416, -47.592214 -23.69766, -47.238402 -22.256235, -47.2313 -22.2273, -45.457583 -22.484888, -45.4575 -22.4849, -45.464183 -22.513682, -45.474934 -22.559981, -45.792382 -23.927088))"
110,6,LT05_L1TP_219076_20100824_20161013_01_T1,LT52190762010236CUB00,219,76,2010-08-24 12:54:38,0.0,"POLYGON((-45.792382 -23.927088, -45.798249 -23.952353, -45.8098 -24.0021, -45.809961 -24.002077, -47.603 -23.7416, -47.592214 -23.69766, -47.238402 -22.256235, -47.2313 -22.2273, -45.457583 -22.484888, -45.4575 -22.4849, -45.464183 -22.513682, -45.474934 -22.559981, -45.792382 -23.927088))"
111,7,LT05_L1TP_219077_20100504_20161017_01_T1,LT52190772010124CUB01,219,77,2010-05-04 12:55:33,3.0,"POLYGON((-46.131832 -25.368495, -46.13396 -25.377531, -46.1495 -25.4435, -46.149734 -25.443466, -47.9628 -25.1801, -47.954632 -25.147425, -47.592214 -23.69766, -47.5845 -23.6668, -45.792382 -23.927088, -45.7923 -23.9271, -45.798249 -23.952353, -45.809961 -24.002077, -46.131832 -25.368495))"
112,8,LT05_L1GS_219076_20101214_20161011_01_T2,LT52190762010348COA00,219,76,2010-12-14 12:54:11,47.0,"POLYGON((-45.792382 -23.927088, -45.798249 -23.952353, -45.8098 -24.0021, -45.809961 -24.002077, -47.603 -23.7416, -47.592214 -23.69766, -47.238402 -22.256235, -47.2313 -22.2273, -45.457583 -22.484888, -45.4575 -22.4849, -45.464183 -22.513682, -45.474934 -22.559981, -45.792382 -23.927088))"
113,9,LT05_L1GS_219077_20101230_20161011_01_T2,LT52190772010364CUB00,219,77,2010-12-30 12:54:39,46.0,"POLYGON((-46.131832 -25.368495, -46.13396 -25.377531, -46.1495 -25.4435, -46.149734 -25.443466, -47.9628 -25.1801, -47.954632 -25.147425, -47.592214 -23.69766, -47.5845 -23.6668, -45.792382 -23.927088, -45.7923 -23.9271, -45.798249 -23.952353, -45.809961 -24.002077, -46.131832 -25.368495))"
114,10,LT05_L1GS_219077_20100909_20161013_01_T2,LT52190772010252CUB00,219,77,2010-09-09 12:54:58,38.0,"POLYGON((-46.131832 -25.368495, -46.13396 -25.377531, -46.1495 -25.4435, -46.149734 -25.443466, -47.9628 -25.1801, -47.954632 -25.147425, -47.592214 -23.69766, -47.5845 -23.6668, -45.792382 -23.927088, -45.7923 -23.9271, -45.798249 -23.952353, -45.809961 -24.002077, -46.131832 -25.368495))"
115,11,LT05_L1TP_219076_20100112_20161017_01_T1,LT52190762010012CUB00,219,76,2010-01-12 12:55:08,40.0,"POLYGON((-45.792382 -23.927088, -45.798249 -23.952353, -45.8098 -24.0021, -45.809961 -24.002077, -47.603 -23.7416, -47.592214 -23.69766, -47.238402 -22.256235, -47.2313 -22.2273, -45.457583 -22.484888, -45.4575 -22.4849, -45.464183 -22.513682, -45.474934 -22.559981, -45.792382 -23.927088))"
116,12,LT05_L1TP_219077_20101011_20161012_01_T1,LT52190772010284CUB00,219,77,2010-10-11 12:54:45,40.0,"POLYGON((-46.131832 -25.368495, -46.13396 -25.377531, -46.1495 -25.4435, -46.149734 -25.443466, -47.9628 -25.1801, -47.954632 -25.147425, -47.592214 -23.69766, -47.5845 -23.6668, -45.792382 -23.927088, -45.7923 -23.9271, -45.798249 -23.952353, -45.809961 -24.002077, -46.131832 -25.368495))"
117,13,LT05_L1TP_219077_20100418_20161016_01_T1,LT52190772010108CUB01,219,77,2010-04-18 12:55:37,6.0,"POLYGON((-46.131832 -25.368495, -46.13396 -25.377531, -46.1495 -25.4435, -46.149734 -25.443466, -47.9628 -25.1801, -47.954632 -25.147425, -47.592214 -23.69766, -47.5845 -23.6668, -45.792382 -23.927088, -45.7923 -23.9271, -45.798249 -23.952353, -45.809961 -24.002077, -46.131832 -25.368495))"
118,14,LT05_L1TP_219077_20100213_20161019_01_T1,LT52190772010044CUB00,219,77,2010-02-13 12:55:39,40.0,"POLYGON((-46.131832 -25.368495, -46.13396 -25.377531, -46.1495 -25.4435, -46.149734 -25.443466, -47.9628 -25.1801, -47.954632 -25.147425, -47.592214 -23.69766, -47.5845 -23.6668, -45.792382 -23.927088, -45.7923 -23.9271, -45.798249 -23.952353, -45.809961 -24.002077, -46.131832 -25.368495))"
119,15,LT05_L1TP_219076_20100504_20161015_01_T1,LT52190762010124CUB01,219,76,2010-05-04 12:55:10,1.0,"POLYGON((-45.792382 -23.927088, -45.798249 -23.952353, -45.8098 -24.0021, -45.809961 -24.002077, -47.603 -23.7416, -47.592214 -23.69766, -47.238402 -22.256235, -47.2313 -22.2273, -45.457583 -22.484888, -45.4575 -22.4849, -45.464183 -22.513682, -45.474934 -22.559981, -45.792382 -23.927088))"
120,16,LT05_L1TP_219077_20101128_20161012_01_T1,LT52190772010332CUB00,219,77,2010-11-28 12:54:33,13.0,"POLYGON((-46.131832 -25.368495, -46.13396 -25.377531, -46.1495 -25.4435, -46.149734 -25.443466, -47.9628 -25.1801, -47.954632 -25.147425, -47.592214 -23.69766, -47.5845 -23.6668, -45.792382 -23.927088, -45.7923 -23.9271, -45.798249 -23.952353, -45.809961 -24.002077, -46.131832 -25.368495))"
121,17,LT05_L1TP_219077_20100520_20161015_01_T1,LT52190772010140CUB00,219,77,2010-05-20 12:55:30,8.0,"POLYGON((-46.131832 -25.368495, -46.13396 -25.377531, -46.1495 -25.4435, -46.149734 -25.443466, -47.9628 -25.1801, -47.954632 -25.147425, -47.592214 -23.69766, -47.5845 -23.6668, -45.792382 -23.927088, -45.7923 -23.9271, -45.798249 -23.952353, -45.809961 -24.002077, -46.131832 -25.368495))"
122,18,LT05_L1TP_219076_20100213_20161016_01_T1,LT52190762010044CUB00,219,76,2010-02-13 12:55:15,20.0,"POLYGON((-45.792382 -23.927088, -45.798249 -23.952353, -45.8098 -24.0021, -45.809961 -24.002077, -47.603 -23.7416, -47.592214 -23.69766, -47.238402 -22.256235, -47.2313 -22.2273, -45.457583 -22.484888, -45.4575 -22.4849, -45.464183 -22.513682, -45.474934 -22.559981, -45.792382 -23.927088))"
123,0,LC08_L1TP_219076_20151110_20170402_01_T1,LC82190762015314LGN01,219,76,2015-11-10 13:04:27,36.21,"POLYGON((-45.792382 -23.927088, -45.798249 -23.952353, -45.8098 -24.0021, -45.809961 -24.002077, -47.603 -23.7416, -47.592214 -23.69766, -47.238402 -22.256235, -47.2313 -22.2273, -45.457583 -22.484888, -45.4575 -22.4849, -45.464183 -22.513682, -45.474934 -22.559981, -45.792382 -23.927088))"
124,1,LC08_L1TP_219077_20150502_20170409_01_T1,LC82190772015122LGN01,219,77,2015-05-02 13:03:57,16.2,"POLYGON((-46.131832 -25.368495, -46.13396 -25.377531, -46.1495 -25.4435, -46.149734 -25.443466, -47.9628 -25.1801, -47.954632 -25.147425, -47.592214 -23.69766, -47.5845 -23.6668, -45.792382 -23.927088, -45.7923 -23.9271, -45.798249 -23.952353, -45.809961 -24.002077, -46.131832 -25.368495))"
125,2,LC08_L1TP_219077_20150603_20170408_01_T1,LC82190772015154LGN01,219,77,2015-06-03 13:03:54,26.78,"POLYGON((-46.131832 -25.368495, -46.13396 -25.377531, -46.1495 -25.4435, -46.149734 -25.443466, -47.9628 -25.1801, -47.954632 -25.147425, -47.592214 -23.69766, -47.5845 -23.6668, -45.792382 -23.927088, -45.7923 -23.9271, -45.798249 -23.952353, -45.809961 -24.002077, -46.131832 -25.368495))"
126,3,LC08_L1TP_219077_20150806_20170406_01_T1,LC82190772015218LGN01,219,77,2015-08-06 13:04:22,48.54,"POLYGON((-46.131832 -25.368495, -46.13396 -25.377531, -46.1495 -25.4435, -46.149734 -25.443466, -47.9628 -25.1801, -47.954632 -25.147425, -47.592214 -23.69766, -47.5845 -23.6668, -45.792382 -23.927088, -45.7923 -23.9271, -45.798249 -23.952353, -45.809961 -24.002077, -46.131832 -25.368495))"
127,4,LC08_L1GT_219077_20150721_20170406_01_T2,LC82190772015202LGN01,219,77,2015-07-21 13:04:20,7.19,"POLYGON((-46.131832 -25.368495, -46.13396 -25.377531, -46.1495 -25.4435, -46.149734 -25.443466, -47.9628 -25.1801, -47.954632 -25.147425, -47.592214 -23.69766, -47.5845 -23.6668, -45.792382 -23.927088, -45.7923 -23.9271, -45.798249 -23.952353, -45.809961 -24.002077, -46.131832 -25.368495))"
128,5,LC08_L1TP_219076_20151025_20170402_01_T1,LC82190762015298LGN01,219,76,2015-10-25 13:04:26,44.8,"POLYGON((-45.792382 -23.927088, -45.798249 -23.952353, -45.8098 -24.0021, -45.809961 -24.002077, -47.603 -23.7416, -47.592214 -23.69766, -47.238402 -22.256235, -47.2313 -22.2273, -45.457583 -22.484888, -45.4575 -22.4849, -45.464183 -22.513682, -45.474934 -22.559981, -45.792382 -23.927088))"
129,6,LC08_L1TP_219077_20150110_20170415_01_T1,LC82190772015010LGN01,219,77,2015-01-10 13:04:48,11.54,"POLYGON((-46.131832 -25.368495, -46.13396 -25.377531, -46.1495 -25.4435, -46.149734 -25.443466, -47.9628 -25.1801, -47.954632 -25.147425, -47.592214 -23.69766, -47.5845 -23.6668, -45.792382 -23.927088, -45.7923 -23.9271, -45.798249 -23.952353, -45.809961 -24.002077, -46.131832 -25.368495))"
130,7,LC08_L1TP_219077_20151212_20170401_01_T1,LC82190772015346LGN01,219,77,2015-12-12 13:04:52,34.97,"POLYGON((-46.131832 -25.368495, -46.13396 -25.377531, -46.1495 -25.4435, -46.149734 -25.443466, -47.9628 -25.1801, -47.954632 -25.147425, -47.592214 -23.69766, -47.5845 -23.6668, -45.792382 -23.927088, -45.7923 -23.9271, -45.798249 -23.952353, -45.809961 -24.002077, -46.131832 -25.368495))"
131,8,LC08_L1TP_219076_20150416_20170409_01_T1,LC82190762015106LGN01,219,76,2015-04-16 13:03:44,43.44,"POLYGON((-45.792382 -23.927088, -45.798249 -23.952353, -45.8098 -24.0021, -45.809961 -24.002077, -47.603 -23.7416, -47.592214 -23.69766, -47.238402 -22.256235, -47.2313 -22.2273, -45.457583 -22.484888, -45.4575 -22.4849, -45.464183 -22.513682, -45.474934 -22.559981, -45.792382 -23.927088))"
132,9,LC08_L1TP_219077_20150331_20170411_01_T1,LC82190772015090LGN01,219,77,2015-03-31 13:04:10,13.16,"POLYGON((-46.131832 -25.368495, -46.13396 -25.377531, -46.1495 -25.4435, -46.149734 -25.443466, -47.9628 -25.1801, -47.954632 -25.147425, -47.592214 -23.69766, -47.5845 -23.6668, -45.792382 -23.927088, -45.7923 -23.9271, -45.798249 -23.952353, -45.809961 -24.002077, -46.131832 -25.368495))"
133,10,LC08_L1TP_219076_20150923_20170403_01_T1,LC82190762015266LGN01,219,76,2015-09-23 13:04:20,0.54,"POLYGON((-45.792382 -23.927088, -45.798249 -23.952353, -45.8098 -24.0021, -45.809961 -24.002077, -47.603 -23.7416, -47.592214 -23.69766, -47.238402 -22.256235, -47.2313 -22.2273, -45.457583 -22.484888, -45.4575 -22.4849, -45.464183 -22.513682, -45.474934 -22.559981, -45.792382 -23.927088))"
134,11,LC08_L1TP_219076_20150110_20170415_01_T1,LC82190762015010LGN01,219,76,2015-01-10 13:04:24,3.63,"POLYGON((-45.792382 -23.927088, -45.798249 -23.952353, -45.8098 -24.0021, -45.809961 -24.002077, -47.603 -23.7416, -47.592214 -23.69766, -47.238402 -22.256235, -47.2313 -22.2273, -45.457583 -22.484888, -45.4575 -22.4849, -45.464183 -22.513682, -45.474934 -22.559981, -45.792382 -23.927088))"
135,12,LC08_L1TP_219076_20150822_20170405_01_T1,LC82190762015234LGN01,219,76,2015-08-22 13:04:07,13.97,"POLYGON((-45.792382 -23.927088, -45.798249 -23.952353, -45.8098 -24.0021, -45.809961 -24.002077, -47.603 -23.7416, -47.592214 -23.69766, -47.238402 -22.256235, -47.2313 -22.2273, -45.457583 -22.484888, -45.4575 -22.4849, -45.464183 -22.513682, -45.474934 -22.559981, -45.792382 -23.927088))"
136,13,LC08_L1TP_219076_20150502_20170409_01_T1,LC82190762015122LGN01,219,76,2015-05-02 13:03:33,29.78,"POLYGON((-45.792382 -23.927088, -45.798249 -23.952353, -45.8098 -24.0021, -45.809961 -24.002077, -47.603 -23.7416, -47.592214 -23.69766, -47.238402 -22.256235, -47.2313 -22.2273, -45.457583 -22.484888, -45.4575 -22.4849, -45.464183 -22.513682, -45.474934 -22.559981, -45.792382 -23.927088))"
137,14,LC08_L1GT_219077_20150518_20170409_01_T2,LC82190772015138LGN01,219,77,2015-05-18 13:03:47,30.06,"POLYGON((-46.131832 -25.368495, -46.13396 -25.377531, -46.1495 -25.4435, -46.149734 -25.443466, -47.9628 -25.1801, -47.954632 -25.147425, -47.592214 -23.69766, -47.5845 -23.6668, -45.792382 -23.927088, -45.7923 -23.9271, -45.798249 -23.952353, -45.809961 -24.002077, -46.131832 -25.368495))"
138,15,LC08_L1TP_219077_20150822_20170405_01_T1,LC82190772015234LGN01,219,77,2015-08-22 13:04:31,40.74,"POLYGON((-46.131832 -25.368495, -46.13396 -25.377531, -46.1495 -25.4435, -46.149734 -25.443466, -47.9628 -25.1801, -47.954632 -25.147425, -47.592214 -23.69766, -47.5845 -23.6668, -45.792382 -23.927088, -45.7923 -23.9271, -45.798249 -23.952353, -45.809961 -24.002077, -46.131832 -25.368495))"
139,16,LC08_L1TP_219076_20150806_20170406_01_T1,LC82190762015218LGN01,219,76,2015-08-06 13:03:58,22.32,"POLYGON((-45.792382 -23.927088, -45.798249 -23.952353, -45.8098 -24.0021, -45.809961 -24.002077, -47.603 -23.7416, -47.592214 -23.69766, -47.238402 -22.256235, -47.2313 -22.2273, -45.457583 -22.484888, -45.4575 -22.4849, -45.464183 -22.513682, -45.474934 -22.559981, -45.792382 -23.927088))"
140,17,LC08_L1TP_219076_20151212_20170401_01_T1,LC82190762015346LGN01,219,76,2015-12-12 13:04:28,23.68,"POLYGON((-45.792382 -23.927088, -45.798249 -23.952353, -45.8098 -24.0021, -45.809961 -24.002077, -47.603 -23.7416, -47.592214 -23.69766, -47.238402 -22.256235, -47.2313 -22.2273, -45.457583 -22.484888, -45.4575 -22.4849, -45.464183 -22.513682, -45.474934 -22.559981, -45.792382 -23.927088))"
141,18,LC08_L1TP_219076_20150603_20170408_01_T1,LC82190762015154LGN01,219,76,2015-06-03 13:03:30,41.55,"POLYGON((-45.792382 -23.927088, -45.798249 -23.952353, -45.8098 -24.0021, -45.809961 -24.002077, -47.603 -23.7416, -47.592214 -23.69766, -47.238402 -22.256235, -47.2313 -22.2273, -45.457583 -22.484888, -45.4575 -22.4849, -45.464183 -22.513682, -45.474934 -22.559981, -45.792382 -23.927088))"
142,19,LC08_L1TP_219076_20151009_20170403_01_T1,LC82190762015282LGN01,219,76,2015-10-09 13:04:22,27.04,"POLYGON((-45.792382 -23.927088, -45.798249 -23.952353, -45.8098 -24.0021, -45.809961 -24.002077, -47.603 -23.7416, -47.592214 -23.69766, -47.238402 -22.256235, -47.2313 -22.2273, -45.457583 -22.484888, -45.4575 -22.4849, -45.464183 -22.513682, -45.474934 -22.559981, -45.792382 -23.927088))"
143,20,LC08_L1TP_219077_20150923_20170403_01_T1,LC82190772015266LGN01,219,77,2015-09-23 13:04:44,2.5,"POLYGON((-46.131832 -25.368495, -46.13396 -25.377531, -46.1495 -25.4435, -46.149734 -25.443466, -47.9628 -25.1801, -47.954632 -25.147425, -47.592214 -23.69766, -47.5845 -23.6668, -45.792382 -23.927088, -45.7923 -23.9271, -45.798249 -23.952353, -45.809961 -24.002077, -46.131832 -25.368495))"
144,0,LC08_L1TP_219076_20201006_20201015_01_T1,LC82190762020280LGN00,219,76,2020-10-06 13:04:41,8.18,"POLYGON((-45.792382 -23.927088, -45.798249 -23.952353, -45.8098 -24.0021, -45.809961 -24.002077, -47.603 -23.7416, -47.592214 -23.69766, -47.238402 -22.256235, -47.2313 -22.2273, -45.457583 -22.484888, -45.4575 -22.4849, -45.464183 -22.513682, -45.474934 -22.559981, -45.792382 -23.927088))"
145,1,LC08_L1TP_219076_20200429_20200509_01_T1,LC82190762020120LGN00,219,76,2020-04-29 13:03:50,0.73,"POLYGON((-45.792382 -23.927088, -45.798249 -23.952353, -45.8098 -24.0021, -45.809961 -24.002077, -47.603 -23.7416, -47.592214 -23.69766, -47.238402 -22.256235, -47.2313 -22.2273, -45.457583 -22.484888, -45.4575 -22.4849, -45.464183 -22.513682, -45.474934 -22.559981, -45.792382 -23.927088))"
146,2,LC08_L1TP_219077_20200312_20200325_01_T1,LC82190772020072LGN00,219,77,2020-03-12 13:04:38,26.17,"POLYGON((-46.131832 -25.368495, -46.13396 -25.377531, -46.1495 -25.4435, -46.149734 -25.443466, -47.9628 -25.1801, -47.954632 -25.147425, -47.592214 -23.69766, -47.5845 -23.6668, -45.792382 -23.927088, -45.7923 -23.9271, -45.798249 -23.952353, -45.809961 -24.002077, -46.131832 -25.368495))"
147,3,LC08_L1TP_219077_20200209_20200211_01_T1,LC82190772020040LGN00,219,77,2020-02-09 13:04:48,13.08,"POLYGON((-46.131832 -25.368495, -46.13396 -25.377531, -46.1495 -25.4435, -46.149734 -25.443466, -47.9628 -25.1801, -47.954632 -25.147425, -47.592214 -23.69766, -47.5845 -23.6668, -45.792382 -23.927088, -45.7923 -23.9271, -45.798249 -23.952353, -45.809961 -24.002077, -46.131832 -25.368495))"
148,4,LC08_L1TP_219077_20200413_20200422_01_T1,LC82190772020104LGN00,219,77,2020-04-13 13:04:22,23.09,"POLYGON((-46.131832 -25.368495, -46.13396 -25.377531, -46.1495 -25.4435, -46.149734 -25.443466, -47.9628 -25.1801, -47.954632 -25.147425, -47.592214 -23.69766, -47.5845 -23.6668, -45.792382 -23.927088, -45.7923 -23.9271, -45.798249 -23.952353, -45.809961 -24.002077, -46.131832 -25.368495))"
149,5,LC08_L1TP_219077_20201209_20210313_01_T1,LC82190772020344LGN00,219,77,2020-12-09 13:05:06,30.0,"POLYGON((-46.131832 -25.368495, -46.13396 -25.377531, -46.1495 -25.4435, -46.149734 -25.443466, -47.9628 -25.1801, -47.954632 -25.147425, -47.592214 -23.69766, -47.5845 -23.6668, -45.792382 -23.927088, -45.7923 -23.9271, -45.798249 -23.952353, -45.809961 -24.002077, -46.131832 -25.368495))"
150,6,LC08_L1TP_219077_20200328_20200409_01_T1,LC82190772020088LGN00,219,77,2020-03-28 13:04:29,24.17,"POLYGON((-46.131832 -25.368495, -46.13396 -25.377531, -46.1495 -25.4435, -46.149734 -25.443466, -47.9628 -25.1801, -47.954632 -25.147425, -47.592214 -23.69766, -47.5845 -23.6668, -45.792382 -23.927088, -45.7923 -23.9271, -45.798249 -23.952353, -45.809961 -24.002077, -46.131832 -25.368495))"
151,7,LC08_L1TP_219076_20200904_20200917_01_T1,LC82190762020248LGN00,219,76,2020-09-04 13:04:32,3.18,"POLYGON((-45.792382 -23.927088, -45.798249 -23.952353, -45.8098 -24.0021, -45.809961 -24.002077, -47.603 -23.7416, -47.592214 -23.69766, -47.238402 -22.256235, -47.2313 -22.2273, -45.457583 -22.484888, -45.4575 -22.4849, -45.464183 -22.513682, -45.474934 -22.559981, -45.792382 -23.927088))"
152,8,LC08_L1TP_219076_20200819_20200904_01_T1,LC82190762020232LGN00,219,76,2020-08-19 13:04:24,12.36,"POLYGON((-45.792382 -23.927088, -45.798249 -23.952353, -45.8098 -24.0021, -45.809961 -24.002077, -47.603 -23.7416, -47.592214 -23.69766, -47.238402 -22.256235, -47.2313 -22.2273, -45.457583 -22.484888, -45.4575 -22.4849, -45.464183 -22.513682, -45.474934 -22.559981, -45.792382 -23.927088))"
153,9,LC08_L1TP_219077_20200225_20200313_01_T1,LC82190772020056LGN00,219,77,2020-02-25 13:04:44,25.88,"POLYGON((-46.131832 -25.368495, -46.13396 -25.377531, -46.1495 -25.4435, -46.149734 -25.443466, -47.9628 -25.1801, -47.954632 -25.147425, -47.592214 -23.69766, -47.5845 -23.6668, -45.792382 -23.927088, -45.7923 -23.9271, -45.798249 -23.952353, -45.809961 -24.002077, -46.131832 -25.368495))"
154,10,LC08_L1TP_219076_20200616_20200626_01_T1,LC82190762020168LGN00,219,76,2020-06-16 13:04:01,24.35,"POLYGON((-45.792382 -23.927088, -45.798249 -23.952353, -45.8098 -24.0021, -45.809961 -24.002077, -47.603 -23.7416, -47.592214 -23.69766, -47.238402 -22.256235, -47.2313 -22.2273, -45.457583 -22.484888, -45.4575 -22.4849, -45.464183 -22.513682, -45.474934 -22.559981, -45.792382 -23.927088))"
155,11,LC08_L1TP_219077_20200718_20200722_01_T1,LC82190772020200LGN00,219,77,2020-07-18 13:04:38,40.53,"POLYGON((-46.131832 -25.368495, -46.13396 -25.377531, -46.1495 -25.4435, -46.149734 -25.443466, -47.9628 -25.1801, -47.954632 -25.147425, -47.592214 -23.69766, -47.5845 -23.6668, -45.792382 -23.927088, -45.7923 -23.9271, -45.798249 -23.952353, -45.809961 -24.002077, -46.131832 -25.368495))"
156,12,LC08_L1TP_219077_20200803_20200807_01_T1,LC82190772020216LGN00,219,77,2020-08-03 13:04:42,35.68,"POLYGON((-46.131832 -25.368495, -46.13396 -25.377531, -46.1495 -25.4435, -46.149734 -25.443466, -47.9628 -25.1801, -47.954632 -25.147425, -47.592214 -23.69766, -47.5845 -23.6668, -45.792382 -23.927088, -45.7923 -23.9271, -45.798249 -23.952353, -45.809961 -24.002077, -46.131832 -25.368495))"
157,13,LC08_L1TP_219076_20200413_20200422_01_T1,LC82190762020104LGN00,219,76,2020-04-13 13:03:58,26.17,"POLYGON((-45.792382 -23.927088, -45.798249 -23.952353, -45.8098 -24.0021, -45.809961 -24.002077, -47.603 -23.7416, -47.592214 -23.69766, -47.238402 -22.256235, -47.2313 -22.2273, -45.457583 -22.484888, -45.4575 -22.4849, -45.464183 -22.513682, -45.474934 -22.559981, -45.792382 -23.927088))"
158,14,LC08_L1TP_219076_20201123_20201210_01_T1,LC82190762020328LGN00,219,76,2020-11-23 13:04:41,38.7,"POLYGON((-45.792382 -23.927088, -45.798249 -23.952353, -45.8098 -24.0021, -45.809961 -24.002077, -47.603 -23.7416, -47.592214 -23.69766, -47.238402 -22.256235, -47.2313 -22.2273, -45.457583 -22.484888, -45.4575 -22.4849, -45.464183 -22.513682, -45.474934 -22.559981, -45.792382 -23.927088))"
159,15,LC08_L1TP_219077_20200616_20200626_01_T1,LC82190772020168LGN00,219,77,2020-06-16 13:04:24,36.92,"POLYGON((-46.131832 -25.368495, -46.13396 -25.377531, -46.1495 -25.4435, -46.149734 -25.443466, -47.9628 -25.1801, -47.954632 -25.147425, -47.592214 -23.69766, -47.5845 -23.6668, -45.792382 -23.927088, -45.7923 -23.9271, -45.798249 -23.952353, -45.809961 -24.002077, -46.131832 -25.368495))"
160,16,LC08_L1TP_219076_20200531_20200608_01_T1,LC82190762020152LGN00,219,76,2020-05-31 13:03:51,0.06,"POLYGON((-45.792382 -23.927088, -45.798249 -23.952353, -45.8098 -24.0021, -45.809961 -24.002077, -47.603 -23.7416, -47.592214 -23.69766, -47.238402 -22.256235, -47.2313 -22.2273, -45.457583 -22.484888, -45.4575 -22.4849, -45.464183 -22.513682, -45.474934 -22.559981, -45.792382 -23.927088))"
161,17,LC08_L1TP_219076_20200225_20200313_01_T1,LC82190762020056LGN00,219,76,2020-02-25 13:04:20,40.75,"POLYGON((-45.792382 -23.927088, -45.798249 -23.952353, -45.8098 -24.0021, -45.809961 -24.002077, -47.603 -23.7416, -47.592214 -23.69766, -47.238402 -22.256235, -47.2313 -22.2273, -45.457583 -22.484888, -45.4575 -22.4849, -45.464183 -22.513682, -45.474934 -22.559981, -45.792382 -23.927088))"
162,18,LC08_L1TP_219077_20200429_20200509_01_T1,LC82190772020120LGN00,219,77,2020-04-29 13:04:14,5.59,"POLYGON((-46.131832 -25.368495, -46.13396 -25.377531, -46.1495 -25.4435, -46.149734 -25.443466, -47.9628 -25.1801, -47.954632 -25.147425, -47.592214 -23.69766, -47.5845 -23.6668, -45.792382 -23.927088, -45.7923 -23.9271, -45.798249 -23.952353, -45.809961 -24.002077, -46.131832 -25.368495))"
163,19,LC08_L1TP_219076_20201209_20210313_01_T1,LC82190762020344LGN00,219,76,2020-12-09 13:04:42,42.14,"POLYGON((-45.792382 -23.927088, -45.798249 -23.952353, -45.8098 -24.0021, -45.809961 -24.002077, -47.603 -23.7416, -47.592214 -23.69766, -47.238402 -22.256235, -47.2313 -22.2273, -45.457583 -22.484888, -45.4575 -22.4849, -45.464183 -22.513682, -45.474934 -22.559981, -45.792382 -23.927088))"
164,20,LC08_L1TP_219076_20201022_20201105_01_T1,LC82190762020296LGN00,219,76,2020-10-22 13:04:41,22.96,"POLYGON((-45.792382 -23.927088, -45.798249 -23.952353, -45.8098 -24.0021, -45.809961 -24.002077, -47.603 -23.7416, -47.592214 -23.69766, -47.238402 -22.256235, -47.2313 -22.2273, -45.457583 -22.484888, -45.4575 -22.4849, -45.464183 -22.513682, -45.474934 -22.559981, -45.792382 -23.927088))"
165,21,LC08_L1TP_219076_20200328_20200409_01_T1,LC82190762020088LGN00,219,76,2020-03-28 13:04:05,7.58,"POLYGON((-45.792382 -23.927088, -45.798249 -23.952353, -45.8098 -24.0021, -45.809961 -24.002077, -47.603 -23.7416, -47.592214 -23.69766, -47.238402 -22.256235, -47.2313 -22.2273, -45.457583 -22.484888, -45.4575 -22.4849, -45.464183 -22.513682, -45.474934 -22.559981, -45.792382 -23.927088))"
166,22,LC08_L1TP_219076_20200702_20200708_01_T1,LC82190762020184LGN00,219,76,2020-07-02 13:04:08,12.72,"POLYGON((-45.792382 -23.927088, -45.798249 -23.952353, -45.8098 -24.0021, -45.809961 -24.002077, -47.603 -23.7416, -47.592214 -23.69766, -47.238402 -22.256235, -47.2313 -22.2273, -45.457583 -22.484888, -45.4575 -22.4849, -45.464183 -22.513682, -45.474934 -22.559981, -45.792382 -23.927088))"
167,23,LC08_L1TP_219077_20201022_20201105_01_T1,LC82190772020296LGN00,219,77,2020-10-22 13:05:05,39.2,"POLYGON((-46.131832 -25.368495, -46.13396 -25.377531, -46.1495 -25.4435, -46.149734 -25.443466, -47.9628 -25.1801, -47.954632 -25.147425, -47.592214 -23.69766, -47.5845 -23.6668, -45.792382 -23.927088, -45.7923 -23.9271, -45.798249 -23.952353, -45.809961 -24.002077, -46.131832 -25.368495))"
168,24,LC08_L1TP_219076_20200312_20200325_01_T1,LC82190762020072LGN00,219,76,2020-03-12 13:04:14,18.12,"POLYGON((-45.792382 -23.927088, -45.798249 -23.952353, -45.8098 -24.0021, -45.809961 -24.002077, -47.603 -23.7416, -47.592214 -23.69766, -47.238402 -22.256235, -47.2313 -22.2273, -45.457583 -22.484888, -45.4575 -22.4849, -45.464183 -22.513682, -45.474934 -22.559981, -45.792382 -23.927088))"
169,25,LC08_L1TP_219077_20200702_20200708_01_T1,LC82190772020184LGN00,219,77,2020-07-02 13:04:32,28.26,"POLYGON((-46.131832 -25.368495, -46.13396 -25.377531, -46.1495 -25.4435, -46.149734 -25.443466, -47.9628 -25.1801, -47.954632 -25.147425, -47.592214 -23.69766, -47.5845 -23.6668, -45.792382 -23.927088, -45.7923 -23.9271, -45.798249 -23.952353, -45.809961 -24.002077, -46.131832 -25.368495))"
170,26,LC08_L1TP_219076_20200803_20200807_01_T1,LC82190762020216LGN00,219,76,2020-08-03 13:04:18,14.95,"POLYGON((-45.792382 -23.927088, -45.798249 -23.952353, -45.8098 -24.0021, -45.809961 -24.002077, -47.603 -23.7416, -47.592214 -23.69766, -47.238402 -22.256235, -47.2313 -22.2273, -45.457583 -22.484888, -45.4575 -22.4849, -45.464183 -22.513682, -45.474934 -22.559981, -45.792382 -23.927088))"
171,27,LC08_L1TP_219076_20200718_20200722_01_T1,LC82190762020200LGN00,219,76,2020-07-18 13:04:14,18.99,"POLYGON((-45.792382 -23.927088, -45.798249 -23.952353, -45.8098 -24.0021, -45.809961 -24.002077, -47.603 -23.7416, -47.592214 -23.69766, -47.238402 -22.256235, -47.2313 -22.2273, -45.457583 -22.484888, -45.4575 -22.4849, -45.464183 -22.513682, -45.474934 -22.559981, -45.792382 -23.927088))"
172,28,LC08_L1TP_219077_20201123_20201210_01_T1,LC82190772020328LGN00,219,77,2020-11-23 13:05:05,14.68,"POLYGON((-46.131832 -25.368495, -46.13396 -25.377531, -46.1495 -25.4435, -46.149734 -25.443466, -47.9628 -25.1801, -47.954632 -25.147425, -47.592214 -23.69766, -47.5845 -23.6668, -45.792382 -23.927088, -45.7923 -23.9271, -45.798249 -23.952353, -45.809961 -24.002077, -46.131832 -25.368495))"
173,29,LC08_L1TP_219077_20200531_20200608_01_T1,LC82190772020152LGN00,219,77,2020-05-31 13:04:15,1.04,"POLYGON((-46.131832 -25.368495, -46.13396 -25.377531, -46.1495 -25.4435, -46.149734 -25.443466, -47.9628 -25.1801, -47.954632 -25.147425, -47.592214 -23.69766, -47.5845 -23.6668, -45.792382 -23.927088, -45.7923 -23.9271, -45.798249 -23.952353, -45.809961 -24.002077, -46.131832 -25.368495))"
